source,target
PoliticalDiscussion,progressive
PoliticalDiscussion,democrats
PoliticalDiscussion,askaconservative
PoliticalDiscussion,politicalfactchecking
PoliticalDiscussion,uspolitics
PoliticalDiscussion,moderatepolitics
PoliticalDiscussion,worldevents
PoliticalDiscussion,gue
PoliticalDiscussion,PoliticalPhilosophy
PoliticalDiscussion,politicsdebate
PoliticalDiscussion,AskSocialScience
PoliticalDiscussion,NeutralPolitics
PoliticalDiscussion,Ask_Politics
PoliticalDiscussion,Liberal
PoliticalDiscussion,DebateaCommunist
PoliticalDiscussion,LibertarianDebates
PoliticalDiscussion,AmericanPolitics
progressive,government
progressive,NeutralPolitics
progressive,altnewz
progressive,moderatepolitics
progressive,economy
progressive,worldpolitics
progressive,socialism
progressive,uspolitics
progressive,worldevents
progressive,Liberal
progressive,GreenParty
progressive,conservatives
progressive,PoliticalHumor
progressive,democrats
progressive,occupywallstreet
progressive,obama
progressive,GunsAreCool
progressive,Republican
progressive,EndlessWar
progressive,greed
progressive,ShitRConservativeSays
progressive,SocialDemocracy
progressive,AnythingGoesNews
progressive,BasicIncome
progressive,EnoughLibertarianSpam
progressive,LibertarianDebates
progressive,LibertarianLeft
progressive,evolutionReddit
progressive,demsocialist
progressive,AmericanPolitics
progressive,Freethought
progressive,EnoughPaulSpam
progressive,WikiLeaks
progressive,atheismplus
progressive,PanicHistory
progressive,new_right
progressive,antiwar
progressive,alltheleft
progressive,neoprogs
progressive,politicalfactchecking
progressive,labor
progressive,agitation
progressive,Occupy
progressive,liberalgunowners
progressive,Pragmatism
progressive,SandersForPresident
democrats,altnewz
democrats,Liberal
democrats,conservatives
democrats,PoliticalHumor
democrats,obama
democrats,evolutionReddit
democrats,moderatepolitics
democrats,prochoice
democrats,uspolitics
democrats,occupywallstreet
democrats,greed
democrats,demsocialist
democrats,politicalfactchecking
democrats,socialism
democrats,government
democrats,guncontrol
democrats,new_right
democrats,republicans
democrats,labor
democrats,randpaul
democrats,GunsAreCool
democrats,Republican
democrats,AnythingGoesNews
democrats,EnoughLibertarianSpam
democrats,AmericanPolitics
democrats,EnoughPaulSpam
democrats,alltheleft
democrats,Conservatives_R_Us
askaconservative,Conservative
askaconservative,Ask_Politics
askaconservative,Liberal
askaconservative,Republican
askaconservative,ShitRConservativeSays
askaconservative,Shitstatistssay
askaconservative,LibertarianDebates
askaconservative,ShitPoliticsSays
askaconservative,moderatepolitics
askaconservative,conservatives
askaconservative,republicans
askaconservative,new_right
askaconservative,prolife
askaconservative,austrian_economics
askaconservative,randpaul
askaconservative,monarchism
askaconservative,DebateFascism
askaconservative,Conservatives_R_Us
askaconservative,AskALiberal
politicalfactchecking,AskSocialScience
politicalfactchecking,NeutralPolitics
politicalfactchecking,moderatepolitics
politicalfactchecking,Ask_Politics
politicalfactchecking,Liberal
politicalfactchecking,conservatives
politicalfactchecking,PoliticalHumor
politicalfactchecking,AnythingGoesNews
politicalfactchecking,EnoughLibertarianSpam
politicalfactchecking,AmericanPolitics
politicalfactchecking,EnoughPaulSpam
uspolitics,government
uspolitics,ronpaul
uspolitics,altnewz
uspolitics,moderatepolitics
uspolitics,POLITIC
uspolitics,economy
uspolitics,Ask_Politics
uspolitics,Liberal
uspolitics,GreenParty
uspolitics,conservatives
uspolitics,PoliticalHumor
uspolitics,occupywallstreet
uspolitics,obama
uspolitics,GunsAreCool
uspolitics,Republican
uspolitics,EndlessWar
uspolitics,israelexposed
uspolitics,greed
uspolitics,DescentIntoTyranny
uspolitics,AnythingGoesNews
uspolitics,USNEWS
uspolitics,AnarchistNews
uspolitics,evolutionReddit
uspolitics,worldpolitics
uspolitics,worldevents
uspolitics,AmericanPolitics
uspolitics,EnoughPaulSpam
uspolitics,WikiLeaks
uspolitics,ShitPoliticsSays
uspolitics,new_right
uspolitics,antiwar
uspolitics,alltheleft
uspolitics,labor
uspolitics,censorship
uspolitics,republicans
uspolitics,Conservatives_R_Us
uspolitics,FreeSpeech
moderatepolitics,TrueReddit
moderatepolitics,AskSocialScience
moderatepolitics,NeutralPolitics
moderatepolitics,worldevents
moderatepolitics,obama
moderatepolitics,republicans
moderatepolitics,Economics
moderatepolitics,economy
moderatepolitics,Ask_Politics
moderatepolitics,Liberal
moderatepolitics,conservatives
moderatepolitics,Republican
moderatepolitics,cyberlaws
moderatepolitics,AnythingGoesNews
moderatepolitics,EnoughLibertarianSpam
moderatepolitics,LibertarianDebates
moderatepolitics,TrueTrueReddit
moderatepolitics,AmericanPolitics
moderatepolitics,Freethought
moderatepolitics,EnoughPaulSpam
moderatepolitics,PanicHistory
moderatepolitics,ShitPoliticsSays
moderatepolitics,gue
worldevents,TrueReddit
worldevents,AskSocialScience
worldevents,NeutralPolitics
worldevents,altnewz
worldevents,geopolitics
worldevents,Economics
worldevents,economy
worldevents,Ask_Politics
worldevents,occupywallstreet
worldevents,NSALeaks
worldevents,Intelligence
worldevents,cyberlaws
worldevents,EndlessWar
worldevents,israelexposed
worldevents,greed
worldevents,worldpolitics
worldevents,AnythingGoesNews
worldevents,syriancivilwar
worldevents,Palestine
worldevents,evolutionReddit
worldevents,TrueTrueReddit
worldevents,AmericanPolitics
worldevents,Freethought
worldevents,LevantineWar
worldevents,WikiLeaks
worldevents,europeans
worldevents,alltheleft
worldevents,gue
worldevents,censorship
worldevents,MideastPeace
worldevents,usanews
gue,AskSocialScience
gue,NeutralPolitics
gue,LibertarianDebates
gue,TrueTrueReddit
PoliticalPhilosophy,AskSocialScience
PoliticalPhilosophy,NeutralPolitics
PoliticalPhilosophy,Ask_Politics
PoliticalPhilosophy,DebateaCommunist
PoliticalPhilosophy,Anarchism
PoliticalPhilosophy,Anarchy101
PoliticalPhilosophy,Agorism
PoliticalPhilosophy,LibertarianDebates
PoliticalPhilosophy,MarketAnarchism
PoliticalPhilosophy,Marxism
PoliticalPhilosophy,socialism
PoliticalPhilosophy,communism101
PoliticalPhilosophy,metanarchism
politicsdebate,LibertarianDebates
government,worldpolitics
government,greed
government,obama
government,law
government,economy
government,AnythingGoesNews
government,AmericanPolitics
government,Freethought
government,censorship
worldpolitics,altnewz
worldpolitics,geopolitics
worldpolitics,Economics
worldpolitics,economy
worldpolitics,occupywallstreet
worldpolitics,obama
worldpolitics,NSALeaks
worldpolitics,EndlessWar
worldpolitics,israelexposed
worldpolitics,greed
worldpolitics,socialism
worldpolitics,AnythingGoesNews
worldpolitics,Israel
worldpolitics,Palestine
worldpolitics,AnarchistNews
worldpolitics,evolutionReddit
worldpolitics,AmericanPolitics
worldpolitics,Freethought
worldpolitics,WikiLeaks
worldpolitics,antiwar
worldpolitics,alltheleft
worldpolitics,chomsky
greed,Economics
greed,economy
greed,Liberal
greed,EndlessWar
greed,obama
greed,occupywallstreet
greed,DescentIntoTyranny
greed,AnythingGoesNews
greed,evolutionReddit
greed,AmericanPolitics
greed,WikiLeaks
greed,antiwar
greed,alltheleft
obama,economy
obama,Liberal
obama,conservatives
obama,PoliticalHumor
obama,obamacare
obama,ronpaul
obama,occupywallstreet
obama,GunsAreCool
obama,Republican
obama,EndlessWar
obama,ShitRConservativeSays
obama,DescentIntoTyranny
obama,AnythingGoesNews
obama,EnoughLibertarianSpam
obama,evolutionReddit
obama,AmericanPolitics
obama,Freethought
obama,climateskeptics
obama,EnoughPaulSpam
obama,WikiLeaks
obama,alltheleft
obama,labor
obama,Conservatives_R_Us
obama,2012Elections
law,cyberlaws
law,scotus
Conservative,libertarianmeme
Conservative,Liberal
Conservative,Republican
Conservative,conservatives
Conservative,ShitPoliticsSays
Conservative,new_right
Conservative,randpaul
Conservative,climateskeptics
Conservative,prolife
Conservative,Conservatives_R_Us
Conservative,ShitRConservativeSays
Conservative,republicans
Conservative,Romney
Conservative,Capitalism
libertarianmeme,Libertarian
libertarianmeme,gunpolitics
libertarianmeme,Liberal
libertarianmeme,PoliticalHumor
libertarianmeme,Republican
libertarianmeme,ronpaul
libertarianmeme,progun
libertarianmeme,randpaul
libertarianmeme,austrian_economics
libertarianmeme,anarchy
libertarianmeme,Anarcho_Capitalism
libertarianmeme,DescentIntoTyranny
libertarianmeme,Shitstatistssay
libertarianmeme,GaryJohnson
libertarianmeme,Agorism
libertarianmeme,AskLibertarians
libertarianmeme,DebateAnarchism
libertarianmeme,EnoughLibertarianSpam
libertarianmeme,LibertarianDebates
libertarianmeme,LibertarianLeft
libertarianmeme,MarketAnarchism
libertarianmeme,AmericanPolitics
libertarianmeme,climateskeptics
libertarianmeme,Objectivism
libertarianmeme,ShitPoliticsSays
libertarianmeme,EnoughObamaSpam
Liberal,Republican
Liberal,PoliticalHumor
Liberal,socialism
Liberal,conservatives
Liberal,altnewz
Liberal,occupywallstreet
Liberal,WikiLeaks
Liberal,LibertarianDebates
Liberal,republicans
Liberal,ShitRConservativeSays
Liberal,ShitPoliticsSays
Liberal,LibertarianLeft
Liberal,Shitstatistssay
Liberal,alltheleft
Liberal,antiwar
Liberal,atheismplus
Liberal,evolutionReddit
Liberal,labor
Liberal,randpaul
Liberal,guncontrol
Liberal,PanicHistory
Liberal,GreenParty
Liberal,GunsAreCool
Liberal,EndlessWar
Liberal,DescentIntoTyranny
Liberal,AnythingGoesNews
Liberal,EnoughLibertarianSpam
Liberal,AmericanPolitics
Liberal,Freethought
Liberal,EnoughPaulSpam
Liberal,2016Elections
Republican,Libertarian
Republican,conservatives
Republican,ronpaul
Republican,ShitPoliticsSays
Republican,climateskeptics
Republican,ShitRConservativeSays
Republican,republicans
Republican,randpaul
Republican,new_right
Republican,prolife
Republican,Romney
Republican,israelexposed
Republican,GaryJohnson
Republican,AmericanPolitics
Republican,Capitalism
Republican,Conservatives_R_Us
conservatives,new_right
conservatives,prolife
conservatives,randpaul
conservatives,israelexposed
conservatives,gunpolitics
conservatives,republicans
conservatives,obamacare
conservatives,ShitRConservativeSays
conservatives,DescentIntoTyranny
conservatives,AmericanPolitics
conservatives,climateskeptics
conservatives,ShitPoliticsSays
conservatives,Capitalism
conservatives,Romney
conservatives,Conservatives_R_Us
ShitPoliticsSays,Libertarian
ShitPoliticsSays,NeutralPolitics
ShitPoliticsSays,Anarcho_Capitalism
ShitPoliticsSays,GaryJohnson
ShitPoliticsSays,AskLibertarians
ShitPoliticsSays,EnoughLibertarianSpam
ShitPoliticsSays,LibertarianDebates
ShitPoliticsSays,LibertarianLeft
ShitPoliticsSays,PanicHistory
ShitPoliticsSays,ronpaul
ShitPoliticsSays,Shitstatistssay
ShitPoliticsSays,climateskeptics
ShitPoliticsSays,austrian_economics
ShitPoliticsSays,gunpolitics
ShitPoliticsSays,progun
ShitPoliticsSays,prolife
ShitPoliticsSays,randpaul
ShitPoliticsSays,ShitRConservativeSays
ShitPoliticsSays,new_right
ShitPoliticsSays,Capitalism
ShitPoliticsSays,DebateFascism
ShitPoliticsSays,EnoughObamaSpam
ShitPoliticsSays,Romney
new_right,EndlessWar
new_right,WhiteRights
new_right,israelexposed
new_right,DescentIntoTyranny
new_right,AnythingGoesNews
new_right,AmericanPolitics
new_right,climateskeptics
new_right,NationalSocialism
new_right,DebateFascism
new_right,fascist
new_right,Conservatives_R_Us
new_right,monarchism
randpaul,Libertarian
randpaul,EndlessWar
randpaul,israelexposed
randpaul,austrian_economics
randpaul,Anarcho_Capitalism
randpaul,DescentIntoTyranny
randpaul,Shitstatistssay
randpaul,AnythingGoesNews
randpaul,GaryJohnson
randpaul,EnoughLibertarianSpam
randpaul,LibertarianDebates
randpaul,ronpaul
randpaul,republicans
randpaul,usanews
randpaul,prolife
randpaul,AmericanPolitics
randpaul,conspiratocracy
randpaul,EnoughPaulSpam
randpaul,antiwar
randpaul,EnoughObamaSpam
randpaul,Conservatives_R_Us
climateskeptics,DescentIntoTyranny
climateskeptics,Shitstatistssay
climateskeptics,Conservatives_R_Us
prolife,Shitstatistssay
prolife,Conservatives_R_Us
prolife,prochoice
Conservatives_R_Us,DescentIntoTyranny
Conservatives_R_Us,republicans
ShitRConservativeSays,GunsAreCool
ShitRConservativeSays,Shitstatistssay
ShitRConservativeSays,badeconomics
ShitRConservativeSays,EnoughLibertarianSpam
ShitRConservativeSays,EnoughPaulSpam
ShitRConservativeSays,PanicHistory
republicans,DescentIntoTyranny
republicans,AmericanPolitics
republicans,usanews
Libertarian,ronpaul
Libertarian,austrian_economics
Libertarian,progun
Libertarian,Shitstatistssay
Libertarian,libertarianaustralia
Libertarian,LibertarianDebates
Libertarian,LibertarianLeft
Libertarian,MarketAnarchism
Libertarian,Objectivism
Libertarian,Anarcho_Capitalism
Libertarian,DescentIntoTyranny
Libertarian,GaryJohnson
Libertarian,Agorism
Libertarian,AnCap101
Libertarian,AskLibertarians
Libertarian,EnoughObamaSpam
ronpaul,usanews
ronpaul,altnewz
ronpaul,EndlessWar
ronpaul,israelexposed
ronpaul,austrian_economics
ronpaul,Anarcho_Capitalism
ronpaul,DescentIntoTyranny
ronpaul,Shitstatistssay
ronpaul,AnythingGoesNews
ronpaul,GaryJohnson
ronpaul,Agorism
ronpaul,EnoughLibertarianSpam
ronpaul,LibertarianDebates
ronpaul,AmericanPolitics
ronpaul,Objectivism
ronpaul,EnoughPaulSpam
ronpaul,WikiLeaks
ronpaul,antiwar
ronpaul,EnoughObamaSpam
austrian_economics,Economics
austrian_economics,DebateaCommunist
austrian_economics,economy
austrian_economics,libertarianaustralia
austrian_economics,anarchy
austrian_economics,Anarcho_Capitalism
austrian_economics,DescentIntoTyranny
austrian_economics,Shitstatistssay
austrian_economics,GaryJohnson
austrian_economics,Agorism
austrian_economics,AnCap101
austrian_economics,AskLibertarians
austrian_economics,DebateAnarchism
austrian_economics,EnoughLibertarianSpam
austrian_economics,LibertarianDebates
austrian_economics,LibertarianLeft
austrian_economics,MarketAnarchism
austrian_economics,NonAustrianEconomics
austrian_economics,AmericanPolitics
austrian_economics,Objectivism
austrian_economics,Capitalism
austrian_economics,antiwar
austrian_economics,DebateCommunism
austrian_economics,EnoughObamaSpam
progun,gunpolitics
progun,secondamendment
progun,GunsAreCool
progun,DescentIntoTyranny
progun,Shitstatistssay
progun,guncontrol
progun,liberalgunowners
Shitstatistssay,EndlessWar
Shitstatistssay,DebateaCommunist
Shitstatistssay,Anarcho_Capitalism
Shitstatistssay,Anarchy101
Shitstatistssay,DescentIntoTyranny
Shitstatistssay,anarchy
Shitstatistssay,metanarchism
Shitstatistssay,antiwar
Shitstatistssay,gunpolitics
Shitstatistssay,libertarianaustralia
Shitstatistssay,anarchomemes
Shitstatistssay,mutualism
Shitstatistssay,GaryJohnson
Shitstatistssay,Agorism
Shitstatistssay,AnCap101
Shitstatistssay,AskLibertarians
Shitstatistssay,DebateAnarchism
Shitstatistssay,EnoughLibertarianSpam
Shitstatistssay,LibertarianDebates
Shitstatistssay,LibertarianLeft
Shitstatistssay,MarketAnarchism
Shitstatistssay,AmericanPolitics
Shitstatistssay,Objectivism
Shitstatistssay,EnoughPaulSpam
Shitstatistssay,PanicHistory
Shitstatistssay,Capitalism
Shitstatistssay,DebateCommunism
Shitstatistssay,DebateFascism
Shitstatistssay,EnoughObamaSpam
libertarianaustralia,AustralianPolitics
libertarianaustralia,Anarcho_Capitalism
libertarianaustralia,Agorism
libertarianaustralia,AnCap101
libertarianaustralia,LibertarianDebates
libertarianaustralia,MarketAnarchism
libertarianaustralia,AusPol
LibertarianDebates,DebateaCommunist
LibertarianDebates,Anarchism
LibertarianDebates,Anarcho_Capitalism
LibertarianDebates,Anarchy101
LibertarianDebates,DescentIntoTyranny
LibertarianDebates,GaryJohnson
LibertarianDebates,Agorism
LibertarianDebates,AnCap101
LibertarianDebates,AskLibertarians
LibertarianDebates,DebateAnarchism
LibertarianDebates,EnoughLibertarianSpam
LibertarianDebates,NeutralPolitics
LibertarianDebates,antiwar
LibertarianDebates,metanarchism
LibertarianDebates,socialism
LibertarianDebates,mutualism
LibertarianDebates,agitation
LibertarianDebates,MarketAnarchism
LibertarianDebates,exlibertarian
LibertarianDebates,anarchy
LibertarianDebates,LibertarianLeft
LibertarianDebates,Objectivism
LibertarianDebates,ShittyDebateCommunism
LibertarianDebates,anarchomemes
LibertarianDebates,AmericanPolitics
LibertarianDebates,EnoughPaulSpam
LibertarianDebates,Capitalism
LibertarianDebates,DebateCommunism
LibertarianDebates,DebateFascism
LibertarianLeft,GreenParty
LibertarianLeft,EndlessWar
LibertarianLeft,DebateaCommunist
LibertarianLeft,Anarchism
LibertarianLeft,Anarcho_Capitalism
LibertarianLeft,Anarchy101
LibertarianLeft,DescentIntoTyranny
LibertarianLeft,GaryJohnson
LibertarianLeft,AnarchistNews
LibertarianLeft,Agorism
LibertarianLeft,AnCap101
LibertarianLeft,DebateAnarchism
LibertarianLeft,EnoughLibertarianSpam
LibertarianLeft,exlibertarian
LibertarianLeft,labor
LibertarianLeft,metanarchism
LibertarianLeft,mutualism
LibertarianLeft,occupywallstreet
LibertarianLeft,MarketAnarchism
LibertarianLeft,ShittyDebateCommunism
LibertarianLeft,anarchomemes
LibertarianLeft,communism
LibertarianLeft,communism101
LibertarianLeft,socialism
LibertarianLeft,agitation
LibertarianLeft,alltheleft
LibertarianLeft,WikiLeaks
LibertarianLeft,Marxism
LibertarianLeft,Postleftanarchism
LibertarianLeft,chomsky
LibertarianLeft,anarchy
LibertarianLeft,leftcommunism
LibertarianLeft,evolutionReddit
LibertarianLeft,SocialDemocracy
LibertarianLeft,antiwar
LibertarianLeft,anarchocommunism
LibertarianLeft,AmericanPolitics
LibertarianLeft,Freethought
LibertarianLeft,DebateCommunism
LibertarianLeft,DebateFascism
LibertarianLeft,IWW
MarketAnarchism,DebateaCommunist
MarketAnarchism,Anarchism
MarketAnarchism,Anarcho_Capitalism
MarketAnarchism,Anarchy101
MarketAnarchism,DescentIntoTyranny
MarketAnarchism,AnarchistNews
MarketAnarchism,Agorism
MarketAnarchism,AnCap101
MarketAnarchism,AskLibertarians
MarketAnarchism,DebateAnarchism
MarketAnarchism,EnoughLibertarianSpam
MarketAnarchism,metanarchism
MarketAnarchism,Objectivism
MarketAnarchism,agitation
MarketAnarchism,exlibertarian
MarketAnarchism,mutualism
MarketAnarchism,NonAustrianEconomics
MarketAnarchism,ShittyDebateCommunism
MarketAnarchism,anarchomemes
MarketAnarchism,antiwar
MarketAnarchism,anarchy
MarketAnarchism,alltheleft
MarketAnarchism,anarchocommunism
MarketAnarchism,DebateCommunism
MarketAnarchism,DebateFascism
MarketAnarchism,IWW
Objectivism,DebateaCommunist
Objectivism,Anarcho_Capitalism
Objectivism,DescentIntoTyranny
Objectivism,Agorism
Objectivism,AnCap101
Objectivism,Capitalism
TrueReddit,TrueTrueReddit
TrueReddit,NeutralPolitics
TrueReddit,Freethought
TrueTrueReddit,AskSocialScience
TrueTrueReddit,NeutralPolitics
AskSocialScience,Economics
AskSocialScience,economy
AskSocialScience,NeutralPolitics
AskSocialScience,geopolitics
AskSocialScience,Ask_Politics
AskSocialScience,badeconomics
AskSocialScience,DebateaCommunist
AskSocialScience,SocialDemocracy
AskSocialScience,NonAustrianEconomics
Economics,economy
Economics,NeutralPolitics
Economics,NonAustrianEconomics
Economics,badeconomics
Economics,BasicIncome
economy,occupywallstreet
economy,mmt_economics
economy,EndlessWar
economy,BasicIncome
economy,NonAustrianEconomics
economy,AmericanPolitics
economy,WikiLeaks
NeutralPolitics,geopolitics
NeutralPolitics,PanicHistory
NeutralPolitics,Pragmatism
NeutralPolitics,Ask_Politics
NeutralPolitics,BasicIncome
NeutralPolitics,AmericanPolitics
geopolitics,syriancivilwar
geopolitics,Ask_Politics
geopolitics,Intelligence
geopolitics,EndlessWar
geopolitics,DescentIntoTyranny
geopolitics,LevantineWar
geopolitics,europeans
Ask_Politics,AmericanPolitics
badeconomics,EnoughLibertarianSpam
badeconomics,NonAustrianEconomics
badeconomics,EnoughPaulSpam
badeconomics,PanicHistory
badeconomics,scotus
DebateaCommunist,socialism
DebateaCommunist,communism101
DebateaCommunist,metanarchism
DebateaCommunist,EnoughLibertarianSpam
DebateaCommunist,EnoughPaulSpam
DebateaCommunist,agitation
DebateaCommunist,anarchomemes
DebateaCommunist,ShittyDebateCommunism
DebateaCommunist,occupywallstreet
DebateaCommunist,Marxism
DebateaCommunist,leftcommunism
DebateaCommunist,demsocialist
DebateaCommunist,communism
DebateaCommunist,alltheleft
DebateaCommunist,historicalrage
DebateaCommunist,exlibertarian
DebateaCommunist,chomsky
DebateaCommunist,NonAustrianEconomics
DebateaCommunist,anarchocommunism
DebateaCommunist,FULLCOMMUNISM
DebateaCommunist,mutualism
DebateaCommunist,IWW
DebateaCommunist,SocialDemocracy
DebateaCommunist,labor
DebateaCommunist,monarchism
DebateaCommunist,Anarchism
DebateaCommunist,Anarcho_Capitalism
DebateaCommunist,Anarchy101
DebateaCommunist,AnarchistNews
DebateaCommunist,Agorism
DebateaCommunist,AnCap101
DebateaCommunist,AskLibertarians
DebateaCommunist,DebateAnarchism
DebateaCommunist,Capitalism
DebateaCommunist,DebateCommunism
DebateaCommunist,DebateFascism
SocialDemocracy,GreenParty
SocialDemocracy,socialism
SocialDemocracy,alltheleft
SocialDemocracy,communism101
SocialDemocracy,labor
SocialDemocracy,occupywallstreet
SocialDemocracy,propaganda
SocialDemocracy,demsocialist
SocialDemocracy,DebateCommunism
NonAustrianEconomics,DebateCommunism
gunpolitics,liberalgunowners
gunpolitics,secondamendment
gunpolitics,GunsAreCool
gunpolitics,DescentIntoTyranny
gunpolitics,AmericanPolitics
gunpolitics,guncontrol
gunpolitics,EnoughObamaSpam
liberalgunowners,GunsAreCool
liberalgunowners,guncontrol
liberalgunowners,secondamendment
usanews,EndlessWar
usanews,israelexposed
usanews,DescentIntoTyranny
usanews,AnythingGoesNews
usanews,AmericanPolitics
usanews,EnoughPaulSpam
PanicHistory,GunsAreCool
PanicHistory,EnoughLibertarianSpam
PanicHistory,EnoughPaulSpam
PanicHistory,conspiratocracy
PanicHistory,exlibertarian
altnewz,restorethefourth
altnewz,metanarchism
altnewz,occupywallstreet
altnewz,evolutionReddit
altnewz,labor
altnewz,israelexposed
altnewz,conspiratocracy
altnewz,conspiracyfact
altnewz,POLITIC
altnewz,NSALeaks
altnewz,EndlessWar
altnewz,DescentIntoTyranny
altnewz,AnythingGoesNews
altnewz,BasicIncome
altnewz,AnarchistNews
altnewz,DebateAnarchism
altnewz,AmericanPolitics
altnewz,WikiLeaks
altnewz,alltheleft
altnewz,agitation
restorethefourth,occupywallstreet
restorethefourth,NSALeaks
restorethefourth,EndlessWar
restorethefourth,DescentIntoTyranny
restorethefourth,GaryJohnson
restorethefourth,evolutionReddit
restorethefourth,WikiLeaks
metanarchism,socialism
metanarchism,occupywallstreet
metanarchism,mutualism
metanarchism,Anarchism
metanarchism,ShittyDebateCommunism
metanarchism,communism
metanarchism,anarchy
metanarchism,Anarcho_Capitalism
metanarchism,Anarchy101
metanarchism,AnarchistNews
metanarchism,Agorism
metanarchism,AnCap101
metanarchism,DebateAnarchism
metanarchism,EnoughLibertarianSpam
metanarchism,Marxism
metanarchism,alltheleft
metanarchism,labor
metanarchism,agitation
metanarchism,DebateCommunism
metanarchism,DebateFascism
metanarchism,chomsky
metanarchism,communism101
metanarchism,IWW
metanarchism,anarchomemes
metanarchism,Postleftanarchism
metanarchism,anarchocommunism
metanarchism,FULLCOMMUNISM
metanarchism,leftcommunism
metanarchism,exlibertarian
occupywallstreet,GreenParty
occupywallstreet,PoliticalHumor
occupywallstreet,socialism
occupywallstreet,NSALeaks
occupywallstreet,cyberlaws
occupywallstreet,EndlessWar
occupywallstreet,Anarchism
occupywallstreet,Anarchy101
occupywallstreet,DescentIntoTyranny
occupywallstreet,AnythingGoesNews
occupywallstreet,BasicIncome
occupywallstreet,AnarchistNews
occupywallstreet,DebateAnarchism
occupywallstreet,evolutionReddit
occupywallstreet,AmericanPolitics
occupywallstreet,Freethought
occupywallstreet,WikiLeaks
occupywallstreet,antiwar
occupywallstreet,alltheleft
occupywallstreet,labor
occupywallstreet,agitation
occupywallstreet,DebateCommunism
occupywallstreet,EnoughObamaSpam
occupywallstreet,chomsky
occupywallstreet,IWW
occupywallstreet,Occupy
occupywallstreet,anarchomemes
occupywallstreet,SandersForPresident
evolutionReddit,POLITIC
evolutionReddit,GreenParty
evolutionReddit,NSALeaks
evolutionReddit,Intelligence
evolutionReddit,cyberlaws
evolutionReddit,EndlessWar
evolutionReddit,Anarchism
evolutionReddit,Anarchy101
evolutionReddit,DescentIntoTyranny
evolutionReddit,AnythingGoesNews
evolutionReddit,AnarchistNews
evolutionReddit,Agorism
evolutionReddit,socialism
evolutionReddit,AmericanPolitics
evolutionReddit,Freethought
evolutionReddit,WikiLeaks
evolutionReddit,antiwar
evolutionReddit,alltheleft
evolutionReddit,censorship
evolutionReddit,agitation
evolutionReddit,Occupy
evolutionReddit,FreeSpeech
labor,GreenParty
labor,Anarchism
labor,communism
labor,Anarchy101
labor,AnarchistNews
labor,WikiLeaks
labor,alltheleft
labor,union
labor,socialism
labor,leftcommunism
labor,agitation
labor,DebateCommunism
labor,communism101
labor,IWW
labor,Occupy
labor,anarchocommunism
israelexposed,EndlessWar
israelexposed,WhiteRights
israelexposed,syrianconflict
israelexposed,DescentIntoTyranny
israelexposed,AnythingGoesNews
israelexposed,Israel
israelexposed,Palestine
israelexposed,AmericanPolitics
israelexposed,LevantineWar
israelexposed,NationalSocialism
israelexposed,antiwar
israelexposed,MideastPeace
israelexposed,BDS
israelexposed,IsraelSubredditWatch
conspiratocracy,DescentIntoTyranny
conspiratocracy,EnoughLibertarianSpam
conspiratocracy,EnoughPaulSpam
conspiracyfact,AnythingGoesNews
AskFeminists,Egalitarianism
AskFeminists,prochoice
AskFeminists,MensRightsMeta
AskFeminists,atheismplus
AskFeminists,socialjustice101
AskFeminists,SRSDiscussion
AskFeminists,FeMRADebates
Egalitarianism,MensRightsMeta
Egalitarianism,FeMRADebates
MensRightsMeta,FeMRADebates
MensRightsMeta,socialjustice101
atheismplus,SRSDiscussion
atheismplus,Anarchy101
atheismplus,EnoughLibertarianSpam
atheismplus,Freethought
atheismplus,socialjustice101
atheismplus,communism
atheismplus,agitation
socialjustice101,SRSDiscussion
socialjustice101,EnoughLibertarianSpam
SRSDiscussion,EnoughLibertarianSpam
AustralianPolitics,AusPol
POLITIC,EndlessWar
POLITIC,DescentIntoTyranny
POLITIC,AnythingGoesNews
syriancivilwar,Intelligence
syriancivilwar,EndlessWar
syriancivilwar,syrianconflict
syriancivilwar,Israel
syriancivilwar,Palestine
syriancivilwar,LevantineWar
socialism,GreenParty
socialism,EndlessWar
socialism,Anarchism
socialism,ShittyDebateCommunism
socialism,communism
socialism,Anarcho_Capitalism
socialism,Anarchy101
socialism,BasicIncome
socialism,AnarchistNews
socialism,DebateAnarchism
socialism,EnoughLibertarianSpam
socialism,demsocialist
socialism,Marxism
socialism,EnoughPaulSpam
socialism,WikiLeaks
socialism,Capitalism
socialism,antiwar
socialism,alltheleft
socialism,mutualism
socialism,agitation
socialism,DebateCommunism
socialism,DebateFascism
socialism,chomsky
socialism,communism101
socialism,IWW
socialism,Occupy
socialism,anarchomemes
socialism,anarchocommunism
socialism,FULLCOMMUNISM
socialism,leftcommunism
socialism,SandersForPresident
socialism,exlibertarian
PoliticalHumor,alltheleft
PoliticalHumor,EndlessWar
PoliticalHumor,AnythingGoesNews
PoliticalHumor,AmericanPolitics
WikiLeaks,GreenParty
WikiLeaks,NSALeaks
WikiLeaks,Intelligence
WikiLeaks,EndlessWar
WikiLeaks,Anarchism
WikiLeaks,DescentIntoTyranny
WikiLeaks,AnythingGoesNews
WikiLeaks,AnarchistNews
WikiLeaks,Agorism
WikiLeaks,AmericanPolitics
WikiLeaks,Freethought
WikiLeaks,censorship
WikiLeaks,cyberlaws
WikiLeaks,alltheleft
WikiLeaks,antiwar
WikiLeaks,chomsky
WikiLeaks,EnoughObamaSpam
WikiLeaks,Occupy
WikiLeaks,FreeSpeech
alltheleft,GreenParty
alltheleft,GunsAreCool
alltheleft,EndlessWar
alltheleft,Anarchism
alltheleft,ShittyDebateCommunism
alltheleft,Anarchy101
alltheleft,DescentIntoTyranny
alltheleft,AnythingGoesNews
alltheleft,AnarchistNews
alltheleft,DebateAnarchism
alltheleft,EnoughLibertarianSpam
alltheleft,Marxism
alltheleft,AmericanPolitics
alltheleft,EnoughPaulSpam
alltheleft,communism
alltheleft,communism101
alltheleft,antiwar
alltheleft,chomsky
alltheleft,anarchomemes
alltheleft,leftcommunism
alltheleft,exlibertarian
alltheleft,mutualism
alltheleft,demsocialist
alltheleft,anarchocommunism
alltheleft,agitation
alltheleft,DebateCommunism
alltheleft,EnoughObamaSpam
alltheleft,IWW
alltheleft,Occupy
antiwar,GreenParty
antiwar,EndlessWar
antiwar,Anarchism
antiwar,Anarcho_Capitalism
antiwar,Anarchy101
antiwar,DescentIntoTyranny
antiwar,AnythingGoesNews
antiwar,Palestine
antiwar,AnarchistNews
antiwar,Agorism
antiwar,DebateAnarchism
antiwar,AmericanPolitics
antiwar,chomsky
antiwar,mutualism
antiwar,agitation
antiwar,DebateCommunism
antiwar,anarchomemes
guncontrol,GunsAreCool
GreenParty,IWW
GreenParty,neoprogs
GreenParty,chomsky
GreenParty,EndlessWar
GreenParty,DescentIntoTyranny
GreenParty,BasicIncome
GreenParty,AnarchistNews
IWW,Anarchism
IWW,Anarchy101
IWW,AnarchistNews
IWW,DebateAnarchism
IWW,DebateCommunism
IWW,DebateFascism
IWW,communism
IWW,communism101
IWW,mutualism
IWW,ShittyDebateCommunism
IWW,anarchomemes
IWW,chomsky
IWW,anarchocommunism
IWW,Marxism
IWW,leftcommunism
IWW,agitation
chomsky,EndlessWar
chomsky,Anarchism
chomsky,Anarchy101
chomsky,AnarchistNews
chomsky,DebateAnarchism
chomsky,Marxism
chomsky,agitation
chomsky,propaganda
chomsky,communism101
chomsky,communism
chomsky,anarchomemes
Cascadia,anarchomemes
Cascadia,agitation
Cascadia,AnarchistNews
anarchomemes,Anarchism
anarchomemes,ShittyDebateCommunism
anarchomemes,Anarcho_Capitalism
anarchomemes,Anarchy101
anarchomemes,AnarchistNews
anarchomemes,Agorism
anarchomemes,DebateAnarchism
anarchomemes,EnoughLibertarianSpam
anarchomemes,Marxism
anarchomemes,agitation
anarchomemes,DebateCommunism
anarchomemes,DebateFascism
anarchomemes,postnationalist
anarchomemes,exlibertarian
anarchomemes,mutualism
anarchomemes,communism
anarchomemes,communism101
anarchomemes,leftcommunism
anarchomemes,anarchy
anarchomemes,anarchocommunism
anarchomemes,FULLCOMMUNISM
agitation,Anarchism
agitation,ShittyDebateCommunism
agitation,Anarcho_Capitalism
agitation,Anarchy101
agitation,AnarchistNews
agitation,Agorism
agitation,DebateAnarchism
agitation,EnoughLibertarianSpam
agitation,Marxism
agitation,EnoughPaulSpam
agitation,mutualism
agitation,leftcommunism
agitation,communism
agitation,communism101
agitation,exlibertarian
agitation,anarchy
agitation,anarchocommunism
agitation,DebateCommunism
agitation,DebateFascism
agitation,FULLCOMMUNISM
CanadaPolitics,CanadianPolitics
CanadaPolitics,ndp
CanadaPolitics,OntarioPolitics
CanadianPolitics,OntarioPolitics
NSALeaks,cyberlaws
NSALeaks,censorship
NSALeaks,Intelligence
NSALeaks,DescentIntoTyranny
NSALeaks,BasicIncome
NSALeaks,AnarchistNews
cyberlaws,Intelligence
cyberlaws,AnythingGoesNews
cyberlaws,censorship
censorship,EndlessWar
censorship,DescentIntoTyranny
censorship,AnythingGoesNews
censorship,AmericanPolitics
censorship,Occupy
censorship,FreeSpeech
GunsAreCool,nra
GunsAreCool,exlibertarian
GunsAreCool,EnoughLibertarianSpam
GunsAreCool,EnoughPaulSpam
exlibertarian,Anarchism
exlibertarian,ShittyDebateCommunism
exlibertarian,communism
exlibertarian,Anarcho_Capitalism
exlibertarian,Anarchy101
exlibertarian,BasicIncome
exlibertarian,AnarchistNews
exlibertarian,Agorism
exlibertarian,AskLibertarians
exlibertarian,DebateAnarchism
exlibertarian,EnoughLibertarianSpam
exlibertarian,EnoughPaulSpam
exlibertarian,DebateCommunism
exlibertarian,anarchocommunism
exlibertarian,mutualism
Intelligence,propaganda
Intelligence,EndlessWar
Intelligence,DescentIntoTyranny
Intelligence,AnythingGoesNews
propaganda,EndlessWar
propaganda,DescentIntoTyranny
propaganda,AnythingGoesNews
EndlessWar,Palestine
EndlessWar,Israel
EndlessWar,GaryJohnson
EndlessWar,EnoughObamaSpam
EndlessWar,LevantineWar
EndlessWar,Anarchism
EndlessWar,Anarcho_Capitalism
EndlessWar,DescentIntoTyranny
EndlessWar,AnythingGoesNews
EndlessWar,AnarchistNews
EndlessWar,Agorism
EndlessWar,AmericanPolitics
Palestine,Israel
Palestine,LevantineWar
Palestine,MideastPeace
Palestine,BDS
Palestine,IsraelSubredditWatch
Israel,MideastPeace
Israel,IsraelSubredditWatch
Israel,BDS
GaryJohnson,Anarcho_Capitalism
GaryJohnson,Agorism
GaryJohnson,AmericanPolitics
GaryJohnson,EnoughObamaSpam
EnoughObamaSpam,Anarcho_Capitalism
EnoughObamaSpam,DescentIntoTyranny
EnoughObamaSpam,AnythingGoesNews
EnoughObamaSpam,AmericanPolitics
LevantineWar,MideastPeace
LevantineWar,syrianconflict
WhiteRights,holocaust
WhiteRights,AnythingGoesNews
WhiteRights,NationalSocialism
WhiteRights,DebateFascism
holocaust,NationalSocialism
mutualism,Anarchism
mutualism,ShittyDebateCommunism
mutualism,Anarcho_Capitalism
mutualism,Anarchy101
mutualism,AnarchistNews
mutualism,Agorism
mutualism,AskLibertarians
mutualism,DebateAnarchism
mutualism,DebateCommunism
mutualism,DebateFascism
mutualism,communism101
mutualism,anarchocommunism
communism101,Anarchism
communism101,ShittyDebateCommunism
communism101,communism
communism101,Anarchy101
communism101,AnarchistNews
communism101,DebateAnarchism
communism101,EnoughLibertarianSpam
communism101,Marxism
communism101,Capitalism
communism101,DebateCommunism
communism101,DebateFascism
communism101,leftcommunism
communism101,anarchocommunism
communism101,FULLCOMMUNISM
EnoughLibertarianSpam,Anarcho_Capitalism
EnoughLibertarianSpam,Anarchy101
EnoughLibertarianSpam,BasicIncome
EnoughLibertarianSpam,Agorism
EnoughLibertarianSpam,DebateAnarchism
EnoughLibertarianSpam,EnoughPaulSpam
EnoughLibertarianSpam,communism
EnoughLibertarianSpam,FULLCOMMUNISM
EnoughLibertarianSpam,ShittyDebateCommunism
EnoughLibertarianSpam,DebateCommunism
EnoughPaulSpam,Anarcho_Capitalism
EnoughPaulSpam,AmericanPolitics
ShittyDebateCommunism,Anarchism
ShittyDebateCommunism,communism
ShittyDebateCommunism,leftcommunism
ShittyDebateCommunism,anarchocommunism
ShittyDebateCommunism,Anarchy101
ShittyDebateCommunism,AnarchistNews
ShittyDebateCommunism,DebateAnarchism
ShittyDebateCommunism,Marxism
ShittyDebateCommunism,NationalSocialism
ShittyDebateCommunism,DebateCommunism
ShittyDebateCommunism,DebateFascism
ShittyDebateCommunism,FULLCOMMUNISM
Marxism,Anarchism
Marxism,Anarchy101
Marxism,AnarchistNews
Marxism,DebateAnarchism
Marxism,communism
Marxism,leftcommunism
Marxism,anarchocommunism
Marxism,DebateCommunism
Marxism,DebateFascism
Marxism,FULLCOMMUNISM
leftcommunism,Anarchism
leftcommunism,communism
leftcommunism,Anarchy101
leftcommunism,DebateAnarchism
leftcommunism,DebateCommunism
leftcommunism,DebateFascism
leftcommunism,anarchocommunism
leftcommunism,FULLCOMMUNISM
communism,Anarchism
communism,Anarchy101
communism,AnarchistNews
communism,DebateAnarchism
communism,Capitalism
communism,DebateCommunism
communism,DebateFascism
communism,anarchocommunism
communism,FULLCOMMUNISM
historicalrage,DebateCommunism
anarchocommunism,Anarchism
anarchocommunism,Anarchy101
anarchocommunism,AnarchistNews
anarchocommunism,Agorism
anarchocommunism,DebateAnarchism
anarchocommunism,DebateCommunism
anarchocommunism,anarchy
anarchocommunism,communists
anarchocommunism,FULLCOMMUNISM
FULLCOMMUNISM,Anarchism
FULLCOMMUNISM,Anarchy101
FULLCOMMUNISM,DebateAnarchism
FULLCOMMUNISM,DebateCommunism
FULLCOMMUNISM,DebateFascism
monarchism,Capitalism
monarchism,DebateFascism
Anarchism,anarcho_primitivism
Anarchism,AnarchistNews
Anarchism,Anarchy101
Anarchism,DebateAnarchism
Anarchism,Anarcho_Capitalism
Anarchism,DebateFascism
Anarchism,anarchy
Anarchism,DebateCommunism
Anarchism,Occupy
Anarchism,Agorism
Anarchism,AnCap101
anarcho_primitivism,DebateAnarchism
AnarchistNews,Anarchy101
AnarchistNews,DebateAnarchism
AnarchistNews,DebateCommunism
AnarchistNews,Occupy
AnarchistNews,Anarcho_Capitalism
AnarchistNews,AnythingGoesNews
AnarchistNews,DescentIntoTyranny
AnarchistNews,anarchy
AnarchistNews,DebateFascism
AnarchistNews,Agorism
Anarchy101,Anarcho_Capitalism
Anarchy101,DebateAnarchism
Anarchy101,anarchy
Anarchy101,DebateFascism
Anarchy101,DebateCommunism
Anarchy101,AskLibertarians
Anarchy101,Postleftanarchism
Anarchy101,Agorism
Anarchy101,AnCap101
DebateAnarchism,Anarcho_Capitalism
DebateAnarchism,Agorism
DebateAnarchism,AnCap101
DebateAnarchism,AskLibertarians
DebateAnarchism,DebateCommunism
DebateAnarchism,DebateFascism
DebateAnarchism,anarchy
DebateAnarchism,NationalSocialism
DebateAnarchism,fascist
DebateAnarchism,Capitalism
Anarcho_Capitalism,AskLibertarians
Anarcho_Capitalism,DebateFascism
Anarcho_Capitalism,DescentIntoTyranny
Anarcho_Capitalism,DebateCommunism
Anarcho_Capitalism,Capitalism
Anarcho_Capitalism,anarchy
Anarcho_Capitalism,Agorism
Anarcho_Capitalism,AnCap101
DebateFascism,Agorism
DebateFascism,AskLibertarians
DebateFascism,DebateCommunism
DebateFascism,NationalSocialism
DebateFascism,fascist
DebateFascism,anarchy
anarchy,Agorism
anarchy,AnCap101
DebateCommunism,Agorism
DebateCommunism,AnCap101
DebateCommunism,AskLibertarians
DebateCommunism,Capitalism
DebateCommunism,fascist
AskLibertarians,Agorism
AskLibertarians,AnCap101
DescentIntoTyranny,NationalSocialism
DescentIntoTyranny,AnythingGoesNews
DescentIntoTyranny,Agorism
DescentIntoTyranny,AnCap101
DescentIntoTyranny,AmericanPolitics
NationalSocialism,AnythingGoesNews
AnythingGoesNews,AmericanPolitics
IsraelSubredditWatch,BDS
USNEWS,AmericanPolitics
BasicIncome,futuristparty
BasicIncome,SandersForPresident
Agorism,AnCap101
europeans,ukpolitics
europeans,ukipparty
ukpolitics,ukipparty
